INSERT INTO groups VALUES ('tut4youapp.student', 'authenticated user only')
INSERT INTO groups VALUES ('tut4youapp.tutor', 'tutor of selected courses')

INSERT INTO Subject(subjectName) VALUES ('Arts')
INSERT INTO Subject(subjectName) VALUES ('Math')
INSERT INTO Subject(subjectName) VALUES ('Biology')
INSERT INTO Subject(subjectName) VALUES ('Chemistry')

INSERT INTO Course(subjectName,courseName) VALUES ('Arts','Artists in Their Own Words')
INSERT INTO Course(subjectName,courseName) VALUES ('Arts','Introduction to the Visual Arts')
INSERT INTO Course(subjectName,courseName) VALUES ('Math','Mathematical Ideas')
INSERT INTO Course(subjectName,courseName) VALUES ('Biology','Introduction to Human Disease')
INSERT INTO Course(subjectName,courseName) VALUES ('Biology','Introduction to Marine Biology')
INSERT INTO Course(subjectName,courseName) VALUES ('Biology','General Biology I')
INSERT INTO Course(subjectName,courseName) VALUES ('Biology','General Biology II')

INSERT INTO Student(email,user_type,firstName,lastName,password,phoneNumber,userName) VALUES ('amanda@gmail.com','Tutor','Amanda','Pan','cd639f5ecf3514ccc33b9985b55a118727a21782c04a714ab6a7634be91dc4b6e8bff6456b546e382ef00057550952f019993bbe6b8d84fe09c2b961149bfa2a','7141234567','apan')
INSERT INTO Student(email,user_type,firstName,lastName,password,phoneNumber,userName) VALUES ('andrew@gmail.com','Tutor','Andrew','Kaichi','6E99F65920D0B34E678A1FFBA8AA834568A1EF9EFB4D94AD0FB34B42FF2C49C39C228BF5FA619A647831BC0745C49D9FF2171A1513B8591B37FA83B6FC9E2827','7141234567','aKaichi')
INSERT INTO Student(email,user_type,firstName,lastName,password,phoneNumber,userName) VALUES ('keith@gmail.com','Tutor','Kieth','Tran','0C0BAAA4ECC4C21265E4E41B966C54B806315CDDFF946F6C8D86C352DD8E6F6B8D158F97C6DC310A82202FFC3785996A631E66D02E0CC8FC52623B74A0D646E0','7141234567','kTran')
INSERT INTO Student(email,user_type,firstName,lastName,password,phoneNumber,userName) VALUES ('syed@gmail.com','Tutor','Syed','Haider','E82C6184E06670CE275027FE9177D95C85E81AA04160FA6095924F514FEE43C3150F14D65EDC4D4ECD105D5E69C9A5B3A5CC7ECCA10C5EE9B80A25863FEA1E08','7141234567','sHaider')
INSERT INTO Student(email,user_type,firstName,lastName,password,phoneNumber,userName) VALUES ('brenda@gmail.com','Student','Brenda','Hoffler','2bf2b4c1a129e7e193446efa878ec1413e16ee01c55336c628cd1fe8bcb9dcd77425b439413684dcba91e862e0a1fc57a8dee54da96e4642132cbc8468e5d7c4','7149876543','bHoff')
INSERT INTO Student(email,user_type,firstName,lastName,password,phoneNumber,userName) VALUES ('carmen@gmail.com','Student','Carmen','Dangos','290295170CF0721418A3FD7C77081CF3D5312DC9D5AD7D2A7C123E177BB1CF051B4D20491EC3CA6202E42088B556E6314D924FFB41C1D886AD62815EE1E5723C','7141111111','cDang')

INSERT INTO Groups_students(email,groupName) VALUES ('amanda@gmail.com', 'tut4youapp.tutor')
INSERT INTO Groups_students(email,groupName) VALUES ('andrew@gmail.com', 'tut4youapp.tutor')
INSERT INTO Groups_students(email,groupName) VALUES ('keith@gmail.com', 'tut4youapp.tutor')
INSERT INTO Groups_students(email,groupName) VALUES ('syed@gmail.com', 'tut4youapp.tutor')

INSERT INTO Groups_students(email,groupName) VALUES ('amanda@gmail.com', 'tut4youapp.student')
INSERT INTO Groups_students(email,groupName) VALUES ('andrew@gmail.com', 'tut4youapp.student')
INSERT INTO Groups_students(email,groupName) VALUES ('keith@gmail.com', 'tut4youapp.student')
INSERT INTO Groups_students(email,groupName) VALUES ('syed@gmail.com', 'tut4youapp.student')
INSERT INTO Groups_students(email,groupName) VALUES ('brenda@gmail.com', 'tut4youapp.student')
INSERT INTO Groups_students(email,groupName) VALUES ('carmen@gmail.com', 'tut4youapp.student')

INSERT INTO Courses_tutors(email,courseName) VALUES ('amanda@gmail.com','General Biology I')
INSERT INTO Courses_tutors(email,courseName) VALUES ('amanda@gmail.com','General Biology II')
INSERT INTO Courses_tutors(email,courseName) VALUES ('amanda@gmail.com','Introduction to Human Disease')
INSERT INTO Courses_tutors(email,courseName) VALUES ('andrew@gmail.com','General Biology I')
INSERT INTO Courses_tutors(email,courseName) VALUES ('andrew@gmail.com','Mathematical Ideas')
INSERT INTO Courses_tutors(email,courseName) VALUES ('keith@gmail.com','Artists in Their Own Words')